date,strategy_return,buy_hold_return,mean_position,trades,strategy_equity,buy_hold_equity
2024-01-02,-0.013512474871193138,-0.014168671513594614,0.9578947368421052,91.0,0.9864875251288069,0.9858313284864054
2024-01-03,0.0012964275090596956,0.0016394041630883299,0.968421052631579,5.0,0.987766434693728,0.9874475044704288
2024-01-04,0.003518964147604533,0.003211906523865014,0.9157894736842105,7.0,0.9912423493636224,0.9906190935520116
2024-01-05,0.018783862985712378,0.0203722405025581,0.9368421052631579,8.0,1.0098617098397045,1.0108002239722793
2024-01-08,-0.0009718833260124524,-0.0016370165233817442,0.8526315789473684,16.0,1.0088802420823328,1.0091455273037986
2024-01-09,0.004618429307399281,0.004696932560733423,0.9578947368421052,16.0,1.013539684160022,1.0138854157895103
2024-01-10,-0.0023520128620611236,-0.003804929759217043,0.9157894736842105,10.0,1.0111558257866682,1.0100276529985366
2024-01-11,-0.005728509037111791,-0.006480490124805072,0.9263157894736842,13.0,1.005363410500721,1.0034821787674995
2024-01-12,-0.002197094044083884,-0.003180505866042723,0.9473684210526315,8.0,1.00315453253937,1.0002905978114602
2024-01-16,-0.007269225932317518,-0.008225455672140005,0.9473684210526315,6.0,0.995862375597313,0.9920627518399036
2024-01-17,0.009824078874693127,0.00989381716490543,0.9368421052631579,5.0,1.0056458061235203,1.0018780393227205
2024-01-18,0.01850982953117063,0.017634142886805773,0.8947368421052632,8.0,1.0242601385636032,1.0195452998232901
2024-01-19,0.0055766220732301275,0.010594679243395643,0.7684210526315789,20.0,1.0299720502610468,1.0303470552490297
2024-01-22,0.0010296898823075372,0.002838637540382766,0.8947368421052632,22.0,1.03103260206026,1.0332718370796825
2024-01-23,9.61074783442808e-05,-0.00023280274942948318,0.8631578947368421,9.0,1.0311316920037348,1.0330312885551023
2024-01-24,0.002501319202475439,0.0021547895206384267,0.8842105263157894,6.0,1.0337108815052247,1.0352572535501725
2024-01-25,-0.0028440249855330377,-0.004135264799978598,0.8947368421052632,7.0,1.0307709819304065,1.030976190670644
2024-01-26,0.012170226425590165,0.015592487218532245,0.9157894736842105,12.0,1.0433156981734273,1.0470516737462872
2024-01-29,-0.0007626142412433674,-0.003215547532230842,0.8421052631578947,13.0,1.0425200507638874,1.0436848293206542
2024-01-30,-0.01659481063818157,-0.018042224292392755,0.9473684210526315,14.0,1.0252196279349532,1.0248544335394834
2024-01-31,0.009276304516597654,0.009705995055712607,0.9052631578947369,8.0,1.0347298774000708,1.0348016656042427
2024-02-01,0.009628918835580178,0.01177577505551244,0.8631578947368421,12.0,1.044693207406306,1.046987257245468
2024-02-02,-0.0020818663126609756,-0.003260399850108782,0.8526315789473684,23.0,1.042518295810741,1.043573660148879
2024-02-05,0.007384479065897644,0.00815699898879257,0.9052631578947369,19.0,1.0502167503419708,1.052086089439444
2024-02-06,0.009753475145581987,0.010371441372505726,0.8631578947368421,12.0,1.060460013313905,1.062997738634894
2024-02-07,0.008363913729091536,0.012097271614503611,0.8842105263157894,14.0,1.069329609378414,1.0758571110047634
2024-02-08,0.013217002121817721,0.017716124712268494,0.8947368421052632,11.0,1.083462941094491,1.0949171297559048
2024-02-09,-7.070185881055003e-05,0.005155358995788706,0.8105263157894737,14.0,1.0833863382506033,1.100561820630435
2024-02-12,-0.016735460842288143,-0.023585248720357884,0.8526315789473684,16.0,1.0652553686097403,1.0746047963587364
2024-02-13,0.013698854226760912,0.02612623559096695,0.8526315789473684,8.0,1.0798481466185996,1.1026801744355879
2024-02-14,0.0073471233179635,0.006556131351660554,0.631578947368421,21.0,1.087781924116481,1.1099094904980593
2024-02-15,-0.007258292822177506,-0.01078791497702713,0.8526315789473684,27.0,1.079886484384572,1.0979358812823707
2024-02-16,-0.00955825334746702,-0.011535097595762116,0.8842105263157894,9.0,1.0695646557803187,1.0852710837378896
2024-02-20,-0.00830365348335658,-0.011238750391355029,0.8736842105263158,9.0,1.0606833615006734,1.0730739929208042
2024-02-21,0.02933601009093811,0.029808233704839912,0.9473684210526315,9.0,1.0917995792969473,1.1050604332843734
2024-02-22,0.0011760560971805002,-0.003937204769865274,0.7578947368421053,24.0,1.0930835968490786,1.1007095840754568
2024-02-23,0.011917315262125923,0.015333997837205456,0.9578947368421052,23.0,1.1061102186805876,1.117587862457061
2024-02-26,0.001711528524368548,0.008828451148548952,0.7684210526315789,18.0,1.108003357870955,1.1274544323049744
2024-02-27,-0.0030676226583706764,-0.006071980044659663,0.8526315789473684,10.0,1.1046044216647992,1.1206085514907556
2024-02-28,0.010658586815011683,0.007544207879994547,0.8947368421052632,10.0,1.1163779437893593,1.1290626553553014
2024-02-29,0.01503873993898795,0.018788178142390692,0.8315789473684211,12.0,1.1331668613596295,1.1502756856580374
2024-03-01,0.001289003916679403,0.004899087766014093,0.7368421052631579,19.0,1.1346275178821732,1.155910987197188
2024-03-04,-0.015709647122112712,-0.019706830190514148,0.8736842105263158,23.0,1.1168029199612055,1.1331316456571434
2024-03-05,0.012134491988630617,0.01586036979070055,0.9263157894736842,11.0,1.130354756046354,1.1511035325788106
2024-03-06,0.008102522130165758,0.013117989830701051,0.7894736842105263,21.0,1.1395134804721578,1.1662036970132634
2024-03-07,-0.0057002624944228995,-0.010052434161369783,0.8315789473684211,18.0,1.1330179545175332,1.1544805111302916
2024-03-08,-0.005166009500943173,-0.005484096906020911,0.8947368421052632,20.0,1.1271647729997565,1.1481492281311405
2024-03-11,0.00804169146924839,0.008538721248120296,0.8631578947368421,13.0,1.136229084339226,1.1579529543413967
2024-03-12,-0.004928638364175196,-0.002960792637483381,0.8,24.0,1.13062902208366,1.1545244957596306
2024-03-13,-0.01072674122099091,-0.012357621890746878,0.9157894736842105,19.0,1.1185010571468263,1.1402573185774278
2024-03-14,-0.0074282004397649174,-0.006607936861973652,0.9368421052631579,12.0,1.1101926071022508,1.1327225702098649
2024-03-15,0.0060941691278232745,0.004466588549834155,0.8947368421052632,10.0,1.116958308614391,1.1377819758721028
2024-03-18,-0.00027159825979092717,-0.0013569613004706482,0.9263157894736842,13.0,1.1166549446815124,1.1362380497624713
2024-03-19,0.014898254778209519,0.020153492648648044,0.9263157894736842,10.0,1.133291154546725,1.1591372149454735
2024-03-20,0.010150042733649446,0.012727916768338902,0.8315789473684211,11.0,1.1447941081950412,1.1738906169403838
2024-03-21,-0.004816816463052135,-0.0063354266212761,0.8736842105263158,14.0,1.1392798450878823,1.1664535190753536
2024-03-22,0.0006210037910912785,0.0030674201603072796,0.9368421052631579,14.0,1.1399873421907956,1.1700315221158268
2024-03-25,-0.0011005815181724964,-0.0015494684287252652,0.8421052631578947,15.0,1.1387326931910298,1.168218595211695
2024-03-26,0.006467325432371534,0.007428049432189508,0.9578947368421052,17.0,1.146097248098377,1.1768961806845304
2024-03-27,-0.0003344055325532647,-0.0013206781559259994,0.7894736842105263,20.0,1.145713986837769,1.1753418796069077
2024-03-28,0.0002901053498767903,0.0018835817943972746,0.9263157894736842,17.0,1.1460463645947792,1.177555732173528
2024-04-01,-0.009311486580390558,-0.01473751749763726,0.8736842105263158,9.0,1.1353749692503494,1.1602014839661774
2024-04-02,0.006965669192249073,0.007779855092454263,0.9473684210526315,11.0,1.1432836156953072,1.1692276833894846
2024-04-03,-0.013054379817486037,-0.01844867148962638,0.8631578947368421,14.0,1.128358757136912,1.1476569859620551
2024-04-04,0.009942623451464445,0.00914101741020099,0.9368421052631579,13.0,1.1395776033772866,1.158147738451673
2024-04-05,0.00027323284145288945,0.0011177224534156538,0.8333333333333334,19.0,1.1398889734039135,1.1594422261833128
2024-04-08,0.0015332928791061858,0.0017587292138417157,0.90625,19.0,1.1416367570498052,1.161481371098263
2024-04-09,-0.010276335817024196,-0.012113460440428112,0.9583333333333334,9.0,1.1299049143533029,1.14741181245717
2024-04-10,0.010008591968648508,0.010945198245774673,0.9166666666666666,8.0,1.1412136716044359,1.1599704622140572
2024-04-11,-0.019526286379061546,-0.025252781310253578,0.8645833333333334,13.0,1.1189300066329875,1.1306779818054118
2024-04-12,-0.020113148974899794,-0.019981900995283422,0.9895833333333334,14.0,1.0964248007170925,1.1080848863154291
2024-04-15,0.0018484449412411706,0.0019866736119824604,0.9270833333333334,8.0,1.0984514815934294,1.1102862893189085
2024-04-16,-0.007700173211498862,-0.008943606929046373,0.9166666666666666,11.0,1.0899932149207325,1.1003563251685307
2024-04-17,-0.005990617515657176,-0.005220206981373783,0.9375,12.0,1.083463482475481,1.094612237397887
2024-04-18,-0.01760772352063377,-0.016807943828141974,0.96875,3.0,1.0643861570313498,1.0762140563981066
2024-04-19,0.013062006831571915,0.012887960994645772,0.9583333333333334,3.0,1.0782891762859237,1.0900842611788548
2024-04-22,0.019050365999956912,0.021567718914070683,0.90625,7.0,1.0988309797479627,1.1135948921166128
2024-04-23,0.003747357224837838,0.0038788539824134946,0.6979166666666666,24.0,1.102948691958797,1.1179143640986946
2024-04-24,-0.0021313539341822917,-0.001414121032929314,0.9270833333333334,28.0,1.1005979179249894,1.116333497883409
2024-04-25,0.011145998537064274,0.015804427891419656,0.8333333333333334,13.0,1.1128651807080774,1.1339765101534836
2024-04-26,0.0016293637451765934,0.005092323720753918,0.7916666666666666,18.0,1.1146784428867924,1.1397510856349158
2024-04-29,-0.017133938930846075,-0.020164328750844143,0.8854166666666666,17.0,1.0955796105188396,1.1167687700500417
2024-04-30,-0.006305779717847646,-0.007193970789123216,0.9270833333333334,12.0,1.0886711268315425,1.1087347681400967
2024-05-01,0.016575750952729562,0.019898569885282612,0.9166666666666666,9.0,1.1067166682993297,1.1307970044081752
2024-05-02,0.006902461439822098,0.015639518075826166,0.7291666666666666,22.0,1.1143557374270743,1.148482124598707
2024-05-03,0.010865217697142023,0.017923254047963365,0.78125,21.0,1.1264634551062787,1.1690666614874343
2024-05-06,-0.005210823250039934,-0.00817691574814363,0.7291666666666666,25.0,1.1205936531440905,1.159507301892488
2024-05-07,-0.0007383985885606516,0.00488149656356008,0.90625,21.0,1.119766208372259,1.1651674328020991
2024-05-08,0.00445409255975571,0.006125933638558557,0.8645833333333334,8.0,1.124753750709636,1.1723051711732544
2024-05-09,-0.002427814032701698,-0.0040851605905817615,0.9270833333333334,12.0,1.1220230577703292,1.1675161162878422
2024-05-10,0.0015838180043680945,0.0019603467549518714,0.9479166666666666,10.0,1.123800138090542,1.1698048527177611
2024-05-13,0.008177898040725913,0.013663461616814157,0.8854166666666666,8.0,1.1329904610380002,1.185788436422033
2024-05-14,0.02003329342070168,0.021788364789708702,0.8854166666666666,8.0,1.1556879913868305,1.2116248274382146
2024-05-15,-0.0009849603966923398,0.0030033880325104714,0.8229166666666666,18.0,1.1545496844843814,1.2152638069448352
2024-05-16,0.0020874005395871745,0.004463239200148096,0.90625,18.0,1.1569596921187544,1.2206878200065125
2024-05-17,0.006522374627357081,0.012276258471288557,0.8645833333333334,10.0,1.1645058166595046,1.2356732991976662
2024-05-20,-7.5258061862637044e-06,0.001402064330381032,0.8020833333333334,14.0,1.1644970528144256,1.2374057926544755
2024-05-21,0.0014487435416098472,0.0038662660718399313,0.9270833333333334,12.0,1.1661841103989143,1.2421899326877137
2024-05-22,-0.009412442808387116,-0.014315653777068782,0.8854166666666666,4.0,1.1552074691557348,1.224407171685996
2024-05-23,0.012344863891724863,0.016719541149890462,0.9166666666666666,9.0,1.1694683481291663,1.244878697777221
2024-05-24,-0.001294309863765342,0.001981974005724562,0.75,20.0,1.1679546937108214,1.2473460149964957
2024-05-28,-0.009162214990076162,-0.0028297133517816973,0.8854166666666666,17.0,1.1572536417083743,1.2438163833235683
2024-05-29,-0.009716499672381486,-0.009480998070818295,0.875,11.0,1.1460091870778526,1.2320237625928254
2024-05-30,-0.0025174698862806925,-0.003870905667595251,0.8854166666666666,9.0,1.143124143459983,1.2272547148275927
2024-05-31,0.000819822500019556,0.001036738189803142,0.9479166666666666,8.0,1.1440613023531072,1.2285270566590705
2024-06-03,-0.0012732151245252548,-0.0033799189341826436,0.90625,14.0,1.1426046661995672,1.2243747347991127
2024-06-04,0.018432419778331037,0.020598269607470937,0.9270833333333334,14.0,1.1636656350476373,1.2495947356870805
2024-06-05,-0.0006888898407503503,-0.0007842234076872191,0.7604166666666666,18.0,1.1628639976136228,1.2486147742452318
2024-06-06,-0.0030018605367667316,-0.003806195070633569,0.9583333333333334,19.0,1.1593732420695597,1.2438623028463793
2024-06-07,0.008100256958939319,0.00948918799427344,0.9375,4.0,1.1687644632416416,1.2556655460770785
2024-06-10,-0.0018752372788466535,0.0014399476693308343,0.78125,19.0,1.1665727525499796,1.2574736387536112
2024-06-11,0.012523932654553519,0.013958780839184289,0.9375,17.0,1.1811828311395525,1.2750264376880245
2024-06-12,-0.00029587454259027865,-0.002799995253940639,0.875,12.0,1.1808333492096736,1.2714563697138492
2024-06-13,-0.002532936741109835,-0.0034890245181814204,0.9166666666666666,14.0,1.1778423730343326,1.2670202272661197
2024-06-14,0.007995974903852272,0.011287330892640104,0.8958333333333334,14.0,1.1872603710898089,1.2813215038189403
2024-06-17,0.002419503761453102,0.0034763039078408373,0.8645833333333334,13.0,1.190132952023485,1.2857757667698666
2024-06-18,-0.0043948757756788045,-0.008231913793874406,0.8645833333333334,14.0,1.1849024655427998,1.2751913714995642
2024-06-20,0.0012633370977355128,-0.0017224025051204503,0.9270833333333334,14.0,1.1863993967847182,1.2729949786867854
2024-06-21,-0.006530933432575779,-0.0070823108518583665,0.90625,14.0,1.178651101299869,1.2639792325348707
2024-06-24,0.007486282380538583,0.00824526923119706,0.9270833333333334,14.0,1.1874748162723328,1.2744010816097624
2024-06-25,-0.0029976968971198114,-0.004540416736379951,0.8541666666666666,19.0,1.1839151267001853,1.2686147696099608
2024-06-26,0.006256104005621346,0.006992403537654359,0.9791666666666666,14.0,1.19132182286665,1.277485436012902
2024-06-27,0.0018030180995966736,-0.000658651584792596,0.8645833333333334,11.0,1.1934697976757231,1.2766440182059227
2024-06-28,0.002350443501374607,0.002511620238456653,0.9270833333333334,8.0,1.196274981005757,1.2798504631593535
2024-07-01,0.005961685172324934,0.007489805262023655,0.8854166666666666,6.0,1.2034067958220422,1.2894362938929278
2024-07-02,0.0064802437501470045,0.007411076635056576,0.9479166666666666,10.0,1.2112051651895523,1.2989924050829915
2024-07-03,0.005423281541513436,0.0055320993537877556,0.8958333333333334,11.0,1.2177738718049105,1.3061785601277263
2024-07-05,0.007537493978665324,0.008481655950895185,0.9270833333333334,7.0,1.2269528350310162,1.3172571172851653
2024-07-08,-0.0024529700970150454,-0.002399871668979115,0.8854166666666666,8.0,1.2239431564162373,1.3140958692486315
2024-07-09,0.006793198278117898,0.008044852995188595,0.90625,12.0,1.2322576449589184,1.3246675773383214
2024-07-10,-0.008439988927025788,-0.009702577720097307,0.8541666666666666,11.0,1.2218574040802224,1.3118148872159034
2024-07-11,0.006777882994012376,0.010321911217663208,0.9375,10.0,1.2301390106004457,1.3253553240157547
2024-07-12,0.003927279744584549,0.010097401684844031,0.84375,9.0,1.2349701106198003,1.3387379690974885
2024-07-15,0.009580474702428272,0.014328000227046453,0.875,9.0,1.2468017105228482,1.3579194070226732
2024-07-16,-0.023284514164171145,-0.030593052085035172,0.8020833333333334,11.0,1.217770538434266,1.3163765078763485
2024-07-17,-0.010994328169131587,-0.0152549481767537,0.8854166666666666,14.0,1.2043819695000197,1.2962952524675988
2024-07-18,-0.005240852593469093,-0.0077881098836284765,0.8333333333333334,15.0,1.1980699811316382,1.2861995625997553
2024-07-19,0.012368577616070742,0.014312483268823915,0.8854166666666666,17.0,1.2128884026827491,1.304608272319833
2024-07-22,-4.004692503653424e-05,-0.00019315384897714122,0.8541666666666666,19.0,1.212839830231809,1.304356282210627
2024-07-23,-0.02818632619023374,-0.03316766980206278,0.9270833333333334,13.0,1.1786543311603876,1.2610938237380187
2024-07-24,-0.007463578031594389,-0.004736428348705413,0.9583333333333334,7.0,1.1698573525874953,1.2551207432008886
2024-07-25,0.011500729801301882,0.016580200111491035,0.7395833333333334,21.0,1.1833115659056705,1.2759308962872427
2024-07-26,-0.0011266237914544796,-0.0023723090408889654,0.78125,28.0,1.181978418942818,1.2729039938864308
2024-07-29,-0.01560819544674362,-0.01728477120766544,0.9479166666666666,20.0,1.1635298687661255,1.2509021395827802
2024-07-30,0.024237722467891114,0.030565008607549567,0.9375,5.0,1.1917311828083808,1.28913597424633
2024-07-31,-0.024032143029365738,-0.03634694116121148,0.78125,17.0,1.1630913285705746,1.2422798248415976
2024-08-01,-0.041802002258123035,-0.042577238852397246,0.9895833333333334,20.0,1.114471782227264,1.1893869800178027
2024-08-02,-0.023893418301224892,-0.02856422475673658,0.8958333333333334,9.0,1.0878432417495965,1.155413062997838
2024-08-05,0.01106872380211824,0.01444566602836246,0.7708333333333334,28.0,1.0998842781325238,1.1721037742307123
2024-08-06,-0.009677468472452148,-0.013716995701421007,0.71875,35.0,1.0892401827075506,1.1560260317979703
2024-08-07,0.03671831367628706,0.042721636266942135,0.9270833333333334,26.0,1.1292352454050225,1.2054133554435595
2024-08-08,0.002938012850459739,0.006722749032384454,0.6145833333333334,34.0,1.1325529530672145,1.213517046912491
2024-08-09,-0.0007632823062790733,-0.0010786916841006116,0.9270833333333334,34.0,1.1316884954372142,1.2122080361654721
2024-08-12,0.01783176146040077,0.021311235543445255,0.8645833333333334,16.0,1.1518684947353304,1.2380416871518518
2024-08-13,0.0020910403819125066,0.0028843586210454664,0.5625,41.0,1.1542770982724748,1.2416126433654018
2024-08-14,0.02971582849151159,0.035138788132552654,0.875,38.0,1.1885773985564194,1.2852414069833173
2024-08-15,0.0025664911225316374,0.00435963272847618,0.6770833333333334,31.0,1.1916278718982563,1.2908445874851948
2024-08-16,0.01289863868575443,0.01515089533405354,0.90625,32.0,1.2069982492657463,1.3104020387227124
2024-08-19,-0.0035671301638350466,-0.006577221550304793,0.75,21.0,1.2026927294030945,1.301783234194062
2024-08-20,0.008856870189205005,0.011116793903884543,0.90625,21.0,1.2133448227849184,1.3162548901161297
2024-08-21,-0.01405475331175344,-0.017521340382459106,0.875,11.0,1.196291560618583,1.2931923401563288
2024-08-22,0.016445994555113363,0.018331863054591366,0.9479166666666666,11.0,1.2159657651108444,1.3168989650393212
2024-08-23,-0.0056692037099468845,-0.008971719722546912,0.7916666666666666,17.0,1.2090722074841096,1.3050841166220764
2024-08-26,-0.0006365965208196903,-0.0017826454307973822,0.96875,19.0,1.2083025163234054,1.3027576143847737
2024-08-27,-0.012846375037141802,-0.015578323906638413,0.90625,10.0,1.1927802090403927,1.2824628342960482
2024-08-28,0.010392153727436444,0.010485903727436444,1.0,9.0,1.2051757643357843,1.295910616110492
2024-08-29,0.013661091510573665,0.012938254709627296,0.9270833333333334,7.0,1.2216397807387012,1.3126774377426396
2024-08-30,-0.0319732793714711,-0.03737727362754275,0.90625,14.0,1.18257995073784,1.2636131339674312
2024-09-03,0.0019109611189952376,0.003122978516826727,0.9375,11.0,1.1848398150438033,1.2675593706383916
2024-09-04,-0.00426478255472906,-0.007585940744885676,0.7395833333333334,21.0,1.1797867308704562,1.257943740362104
2024-09-05,-0.026044678710258434,-0.02775184637648373,0.9583333333333334,25.0,1.149059564518309,1.2230334789293156
2024-09-06,0.018402242862157855,0.019581119132997395,0.9479166666666666,7.0,1.1702048376876601,1.2469818431838746
2024-09-09,0.0009350652392010906,0.004737978088441875,0.7395833333333334,22.0,1.1712990555541267,1.2528900158335645
2024-09-10,0.01895116020717569,0.02233608002418325,0.90625,22.0,1.1934965316064465,1.2808746674887233
2024-09-11,0.0030801719098645596,0.0042876564667082215,0.84375,16.0,1.1971727060976214,1.286366618039824
2024-09-12,0.012629479059303643,0.01499570758877008,0.8645833333333334,18.0,1.2122923737196512,1.3056565956959045
2024-09-13,0.002998858820096144,0.0010740080215363747,0.8020833333333334,18.0,1.2159278673971157,1.3070588813530537
2024-09-16,0.0015955289876385462,0.0034262442905498695,0.9375,13.0,1.2178679155564254,1.3115371843827022
2024-09-17,-0.002766912467699349,-0.004505309186272701,0.8854166666666666,5.0,1.2144981816368614,1.3056283038577645
2024-09-18,0.02294509800423122,0.024194201843432045,0.9375,13.0,1.2423649614404797,1.337216938573797
2024-09-19,0.0009312130287897022,0.0013631388481307554,0.8645833333333334,17.0,1.243521867879085,1.3390397509311456
2024-09-20,0.005115024120623796,0.006237541807900412,0.9270833333333334,16.0,1.2498825122278094,1.347392067360019
2024-09-23,0.0015183269163067195,0.005566560699103552,0.8125,19.0,1.2517802424883462,1.3548924070884691
2024-09-24,-0.0038187494980312757,-0.003034149861323096,0.8854166666666666,15.0,1.2470000073156984,1.350781460479394
2024-09-25,0.015610968952527352,0.01498129701416131,0.9583333333333334,11.0,1.2664668857137051,1.3710179187400584
2024-09-26,-0.001032173078099376,0.0028974528173314417,0.8333333333333334,16.0,1.2651596726899672,1.3749903784713235
2024-09-27,0.0008526170445964121,-0.0018194033719786974,0.90625,13.0,1.2662383693910386,1.3724887163402946
2024-09-30,-0.011752866078497112,-0.018090567868807837,0.8541666666666666,15.0,1.2513564394121313,1.3476596160681675
2024-10-01,0.004532365129712206,0.007578600987676931,0.9166666666666666,14.0,1.2570280437029637,1.3578729905655542
2024-10-02,-0.0014047446301407908,-0.00018538165728164643,0.8854166666666666,11.0,1.2552622403086355,1.3576212658201852
2024-10-03,0.017963387272877194,0.020780682990582833,0.9479166666666666,12.0,1.277811002060319,1.3858335629664682
2024-10-04,-0.004742372504895033,-0.007430375644448723,0.90625,10.0,1.2717511462976958,1.3755362990129425
2024-10-07,0.009605357894718544,0.009965837307031744,0.9479166666666666,8.0,1.2839667712109037,1.389244669978822
2024-10-08,0.00913664379609289,0.008849704498198848,0.8645833333333334,10.0,1.2956979182454773,1.401539074783832
2024-10-09,-0.0011118751573670888,0.0007399527673104938,0.9270833333333334,14.0,1.294257263918728,1.4025761475007121
2024-10-10,0.015278795641353399,0.017380980121753542,0.9479166666666666,10.0,1.3140319561614793,1.4269542956396677
2024-10-11,0.009086762359307533,0.009430419283214302,0.8854166666666666,8.0,1.3259722522796547,1.4404110729455333
2024-10-14,-0.014797216593765901,-0.017364978091687983,0.875,15.0,1.306351553665349,1.4153983662208092
2024-10-15,0.007497258780534151,0.013576598121261496,0.8854166666666666,13.0,1.316145609321531,1.434614661020479
2024-10-16,-0.0005267504437875246,-0.0016607340710534078,0.8020833333333334,18.0,1.3154523290377318,1.4322321475740896
2024-10-17,0.004201435577768716,0.0053068138981695705,0.9479166666666666,16.0,1.3209791172538095,1.439832737040241
2024-10-18,-0.0018953902658087399,-0.00022493246351996377,0.9166666666666666,7.0,1.3184753462936298,1.439508871915642
2024-10-21,-0.003801288919200172,-0.0035718334046065717,0.9375,8.0,1.3134634405695254,1.4343671860407061
2024-10-22,-0.010868836682989791,-0.012546922712300438,0.9583333333333334,4.0,1.2991876209448974,1.4163702918163936
2024-10-23,0.007081180154158397,0.008782626456992165,0.9375,4.0,1.3083874025428606,1.428809743014198
2024-10-24,0.0022207251414174435,0.003264449258478157,0.90625,11.0,1.3112929713424013,1.433474019920287
2024-10-25,0.006238229207486804,0.007884882117439103,0.9479166666666666,10.0,1.3194731174558014,1.4447767935857698
2024-10-28,0.006618190173798962,0.006907629355531836,0.90625,4.0,1.3282056414763392,1.4547567761773341
2024-10-29,-0.011985483496461957,-0.013639906611743226,0.9175257731958762,8.0,1.3122864546805169,1.4349140296074747
2024-10-30,-0.01936156764619665,-0.02579606726487466,0.8865979381443299,11.0,1.2868785317170324,1.397898890780408
2024-10-31,0.009952865848963075,0.007447345476027075,0.9072164948453608,8.0,1.2996866611071227,1.4083095267606047
2024-11-01,-0.005617812221952455,-0.00563218516714273,0.9175257731958762,9.0,1.2923852654976467,1.400377666733238
2024-11-04,0.01842144244143437,0.018779656026983484,0.9587628865979382,12.0,1.3161928662781694,1.4266762776223578
2024-11-05,0.028645888418866366,0.03977863644558424,0.8350515463917526,16.0,1.3538963802632817,1.4834275145954372
2024-11-06,0.018731238898025367,0.022212065318538976,0.7319587628865979,28.0,1.379256536805165,1.516377503444949
2024-11-07,0.014706709583145761,0.022186112477776652,0.7525773195876289,32.0,1.399540862132614,1.5500200252951488
2024-11-08,-0.0011121578345513492,0.012461026264324937,0.6391752577319587,33.0,1.3979843517980184,1.5693348655405814
2024-11-11,-0.0044190151948525335,-0.006404513267421634,0.6597938144329897,28.0,1.391806637705257,1.5592840395731995
2024-11-12,-0.00222480657871783,-0.002503621748030856,0.8350515463917526,23.0,1.3887101371413872,1.5553801821403666
2024-11-13,-0.007777243431363426,-0.011815600913799731,0.8247422680412371,13.0,1.3779098003492365,1.537002430638963
2024-11-14,-0.01443791024466544,-0.005602640601316624,0.9072164948453608,12.0,1.3580156623265494,1.5283911584167427
2024-11-15,0.006128124532609803,0.011052558434205998,0.8556701030927835,5.0,1.3663377514225212,1.5452837910054675
2024-11-18,0.010836174674630904,0.017669504168143897,0.8247422680412371,19.0,1.381143625961478,1.5725881893916038
2024-11-19,-0.0007098982507437949,0.002584837114974037,0.8144329896907216,27.0,1.380163154517382,1.576653073710113
2024-11-20,0.019081971341574844,0.020384044870275803,0.8969072164948454,18.0,1.4064993882785803,1.6087916407094784
2024-11-21,0.008348519579901653,0.014181051333440825,0.7835051546391752,23.0,1.4182415759607436,1.63160599755119
2024-11-22,0.004300859688392878,0.005278785543477706,0.7938144329896907,27.0,1.424341233983196,1.640218895703715
2024-11-25,-0.0017277693185721822,-0.004123657979524284,0.845360824742268,23.0,1.4218803008999426,1.6334551939662798
2024-11-26,-0.004866566813354706,-0.0031368706812918393,0.8247422680412371,16.0,1.41496062541502,1.628331256259123
2024-11-27,0.008318421864619069,0.011633932724376966,0.8865979381443299,14.0,1.4267308648190473,1.647275152547442
2024-11-29,0.009137765890385622,0.007967176857836576,0.8350515463917526,19.0,1.4397679974503514,1.6603992850213074
2024-12-02,0.0007378717553811745,-0.0012270119518072815,0.865979381443299,23.0,1.4408303615899718,1.658361955253814
2024-12-03,0.014634287655801482,0.01930977679305555,0.9175257731958762,13.0,1.4619158875646918,1.69038455445186
2024-12-04,-0.00549032205902877,-0.010003632399816255,0.845360824742268,15.0,1.4538894985187507,1.6734745687547965
2024-12-05,0.008716292968794953,0.015390614739229922,0.8969072164948454,19.0,1.4665620253320946,1.6992303711184007
2024-12-06,-0.007009746858945348,-0.01689946732228235,0.7835051546391752,19.0,1.4562817967815742,1.6705142829886557
2024-12-09,-0.015326083050196544,-0.016818696519631422,0.9381443298969072,21.0,1.4339627010196103,1.6424184102313597
2024-12-10,0.008749534842268748,0.010473855612491118,0.8865979381443299,15.0,1.4465092076346953,1.65962086351542
2024-12-11,-0.004617738014289015,-0.005933809988981845,0.7525773195876289,19.0,1.4398296070785814,1.6497729886575694
2024-12-12,0.004922953663562515,0.005441549369936946,0.9484536082474226,23.0,1.4469178215176546,1.658750309824538
2024-12-13,0.005829448089034478,0.011815054875781782,0.8969072164948454,13.0,1.4553525538472905,1.678348535760335
2024-12-16,-0.007382824851041958,-0.01020185559281826,0.8865979381443299,11.0,1.4446079408457193,1.66122626636409
2024-12-17,-0.03567087755966319,-0.04106426511555438,0.9381443298969072,13.0,1.3930775078660946,1.5930092305451924
2024-12-18,-0.002233520802597336,-0.0031832139777682395,0.845360824742268,15.0,1.3899660402726453,1.5879383412958072
2024-12-19,0.013341322225200862,0.021017334405835256,0.7835051546391752,26.0,1.408510025098009,1.6213125724306687
2024-12-20,0.00519591424485721,0.005340634974205158,0.7525773195876289,25.0,1.41582852240144,1.6299714110591104
2024-12-23,0.011633642168798261,0.014305023915866999,0.8144329896907216,26.0,1.4322997648034368,1.6532881910764905
2024-12-24,-0.00011631194165074186,0.0020270313680961663,0.865979381443299,23.0,1.4321331712367666,1.6566394581003054
2024-12-26,-0.014454399847811196,-0.016153559551456476,0.9484536082474226,12.0,1.4114325457443966,1.6298788339585897
2024-12-27,-0.015223144463090045,-0.01697182336543571,0.9587628865979382,9.0,1.3899461042006227,1.6022168182815821
2024-12-30,-0.004559455830863401,-0.006322603866990021,0.9381443298969072,8.0,1.3836087063312394,1.5920866360305586
2024-12-31,0.007493246373716947,0.008221772854385606,0.979381443298969,6.0,1.3939764272525992,1.6051764107165047
2025-01-02,0.020687432953979817,0.02811677503597966,0.8865979381443299,11.0,1.4228142211308157,1.650308794749682
2025-01-03,0.006662717459860095,0.012491296723157632,0.7525773195876289,19.0,1.4322940302840812,1.670923291589737
2025-01-06,-0.01227540253234025,-0.013785343791400447,0.9175257731958762,20.0,1.4147120445176762,1.647889039566114
2025-01-07,-0.005014097639928576,-0.011312298837062706,0.9072164948453608,9.0,1.4076185401940815,1.6292476263002218
2025-01-08,-0.012525534460446547,-0.013094238118293858,0.9484536082474226,8.0,1.389987365661717,1.6079138699277815
2025-01-10,-0.00545591738077278,-0.009607855489243132,0.9587628865979382,9.0,1.3824037094343486,1.5924652658263656
2025-01-13,0.007398739451967071,0.007865383778264129,0.9587628865979382,6.0,1.392631754297886,1.6049906162956453
2025-01-14,0.021955827504405785,0.028263063033519345,0.9072164948453608,9.0,1.4232081368724085,1.6503525672522164
2025-01-15,0.0016094561173504026,0.0022181696936581933,0.7938144329896907,21.0,1.4254987279145606,1.6540133293007464
2025-01-16,0.01161262539947124,0.012069309818086201,0.9484536082474226,19.0,1.4420525106492552,1.6739761286153214
2025-01-17,0.01712830086439068,0.021525972480745267,0.8350515463917526,15.0,1.4667524199139057,1.7100100926933193
2025-01-21,0.010816506143304089,0.012585457622297059,0.845360824742268,17.0,1.4826175564746107,1.7315313522486113
2025-01-22,0.005747879543889041,0.006383449027055994,0.8969072164948454,21.0,1.4911394635988817,1.7425844943744397
2025-01-23,-0.005700651069114028,-0.00551300228716771,0.865979381443299,17.0,1.4826389978215186,1.7329776220713706
2025-01-24,-0.032676185418232875,-0.0468265591597484,0.8969072164948454,11.0,1.4341920110203996,1.6518282429289255
2025-01-27,0.011507398043790952,0.014747530439971476,0.8969072164948454,12.0,1.4506958293624364,1.6761886302231246
2025-01-28,-0.001639357401920383,-0.0017648230978632698,0.7010309278350515,23.0,1.4483176204166361,1.673230453812131
2025-01-29,0.012142612985871985,0.016718395817594434,0.9072164948453608,22.0,1.4659039807619743,1.7012041828330153
2025-01-30,-0.002332082116832321,-0.0016226637134093534,0.7216494845360825,22.0,1.4624853723034459,1.698443700536432
2025-01-31,-0.007442645477460753,-0.007749695358577655,0.9278350515463918,28.0,1.4516006121614191,1.6852812792735794
2025-02-03,0.010278048337886243,0.012145370886345055,0.9278350515463918,12.0,1.4665202334205194,1.705749645458171
2025-02-04,0.008248340073942428,0.011884039279911671,0.8350515463917526,17.0,1.4786165910310891,1.7260208412464917
2025-02-05,0.0024430903551615306,0.008008240859738084,0.8041237113402062,19.0,1.482228984963619,1.7398432318721215
2025-02-06,-0.0029940286022308318,-0.0024354649402258065,0.8556701030927835,17.0,1.4777911489875823,1.7356059046794077
2025-02-07,0.009681909671935832,0.015837480615555167,0.9072164948453608,11.0,1.4920989894060663,1.763093529551011
2025-02-10,-0.005609617201044645,-0.0114953994854373,0.8041237113402062,12.0,1.4837288852494326,1.7428260650986325
2025-02-11,-0.0026550382971582747,-0.00020967169252300062,0.9072164948453608,16.0,1.4797895282364955,1.74246064380779
2025-02-12,0.011074152990351556,0.01852233558794901,0.845360824742268,10.0,1.4961769438657064,1.7747350846011916
2025-02-13,0.0018405184846898737,0.003303070935648701,0.8144329896907216,19.0,1.4989306851872581,1.7805971604776138
2025-02-14,0.006150324916286586,0.010800148815779642,0.865979381443299,17.0,1.508149595928152,1.7998278747917267
2025-02-18,0.002257791398443237,0.0004507383547370734,0.8041237113402062,14.0,1.5115546831134041,1.80063912624682
2025-02-19,-0.011826195298932345,-0.012141881558764962,0.9175257731958762,15.0,1.4936787422258893,1.778775979245853
2025-02-20,-0.028414377594395843,-0.03493316045766846,0.8969072164948454,12.0,1.4512367904395607,1.7166377125446113
2025-02-21,-0.014722203319932792,-0.018937363429442525,0.9072164948453608,9.0,1.4298713873453428,1.6841291203054671
2025-02-24,-0.018102237599385416,-0.02065393103214249,0.9387755102040817,10.0,1.4039875157550545,1.649345233605455
2025-02-25,0.011981633930042833,0.012158300505534977,0.9591836734693877,6.0,1.420809580211182,1.6693984685930021
2025-02-26,-0.013986504904614245,-0.028679823234074753,0.7755102040816326,24.0,1.4009374200490352,1.6215204156065197
2025-02-27,0.015542455384154144,0.01618200341404452,0.9693877551020408,25.0,1.4227114273961392,1.6477598645078073
2025-02-28,-0.02389313201841115,-0.03024400609517583,0.8571428571428571,15.0,1.388718395437261,1.597925005122247
2025-03-03,-0.006093222268605485,-0.006322488544265321,0.9591836734693877,16.0,1.3802566255853606,1.5878221425827665
2025-03-04,0.01651341314084115,0.019221804723872492,0.9591836734693877,8.0,1.4030493734840348,1.6183429497437334
2025-03-05,-0.023434510237315395,-0.04169106568359661,0.6224489795918368,35.0,1.3701695985776643,1.550872507527382
2025-03-06,0.007347503439325601,0.007617816719574606,0.9795918367346939,37.0,1.380236924415673,1.5626867700451526
2025-03-07,-0.031185050372214917,-0.049831599868372586,0.7142857142857143,26.0,1.3371941664021791,1.4848155882006628
2025-03-10,0.0063309500248580385,0.006444735132176504,0.9897959183673469,27.0,1.345659875843203,1.4943848313867432
2025-03-11,0.009022891986076852,0.01829271054187026,0.7346938775510204,27.0,1.3578016195529339,1.5217211805454625
2025-03-12,-0.011747883958683786,-0.021434363515283085,0.673469387755102,28.0,1.3418503236875132,1.4891040555927453
2025-03-13,0.03593116975935938,0.04052036334258658,0.9489795918367347,35.0,1.3900645754595806,1.5494430929802825
2025-03-14,0.0066574161108210244,0.012865183707719281,0.5306122448979592,45.0,1.3993188137593269,1.5693769630161307
2025-03-17,-0.014357162983780508,-0.019627204243373074,0.8061224489795918,41.0,1.3792285654839138,1.5385744808281685
2025-03-18,0.01570780777499498,0.021134634895880817,0.8877551020408163,22.0,1.4008932226683173,1.5710916907405912
2025-03-19,-0.0032157320149916093,-0.004501194595379798,0.673469387755102,23.0,1.396388325482598,1.5640199013133835
2025-03-20,0.0018537147180511986,0.001614693779393379,0.9591836734693877,30.0,1.39897683107366,1.5665453145188815
2025-03-21,0.021115806691556202,0.03418209567049459,0.8367346938775511,18.0,1.4285173554045774,1.620093116331931
2025-03-24,-0.0007163537684718149,-0.0027269820429029444,0.4489795918367347,48.0,1.427494031613706,1.6156751514958632
2025-03-25,-0.026446098497043134,-0.02710612153496766,0.9693877551020408,53.0,1.3897423838497087,1.571880464478389
2025-03-26,-0.008926911918115744,-0.01625414284701918,0.826530612244898,18.0,1.3773362760002101,1.5463308948703185
2025-03-27,-0.024850957436345515,-0.029388245944530413,0.8673469387755102,14.0,1.3431081508297944,1.5008869422202438
2025-03-28,-0.00572028105240706,-0.005875430578252336,0.9897959183673469,12.0,1.3354251947232691,1.4920685851854232
2025-03-31,0.007077403535724162,0.008664766727553924,0.9693877551020408,4.0,1.3448765377180987,1.5049970114175661
2025-04-01,0.011370327564307425,0.01638455350100336,0.8469387755102041,14.0,1.360168224485505,1.5296557154699875
2025-04-02,-0.061021042742934704,-0.0799279675664468,0.826530612244898,20.0,1.2771693411215932,1.4073934430560724
2025-04-03,-0.06866715675763362,-0.07411348234079346,0.9081632653061225,26.0,1.189469753768753,1.3030866139675878
2025-04-04,0.010902883077855429,0.017381836982858043,0.8469387755102041,18.0,1.2024384034187394,1.3257366530661168
2025-04-07,-0.007884388240024676,-0.0217429071698956,0.36363636363636365,53.0,1.1929579122114706,1.296911284086772
2025-04-08,0.12662509314788992,0.1297572035747189,0.9797979797979798,61.0,1.3440163189667602,1.4651948655943696
2025-04-09,-0.019703534768563763,-0.05283350380172219,0.5050505050505051,47.0,1.3175344466964816,1.3877834870927255
2025-04-10,0.012730540751071554,0.012914450338855132,0.9797979797979798,51.0,1.3343073726610917,1.4057059480178677
2025-04-11,0.004452625237726038,0.00763876277820419,0.6161616161616161,40.0,1.3402485433434863,1.416443802290687
2025-04-14,0.0052133652294578765,0.006091919601348652,0.8181818181818182,42.0,1.347235748498185,1.4250726640540703
2025-04-15,-0.02055805918860515,-0.021536996187141118,0.9595959595959596,20.0,1.3195391962395544,1.3943808795219388
2025-04-16,0.0013406851651941757,0.0019751799329797825,0.7474747474747475,25.0,1.321308282864845,1.397135032654101
2025-04-17,-0.027135433039002916,-0.028304451564885952,0.9292929292929293,28.0,1.2854540104312862,1.3575898917927376
2025-04-21,0.03260878249635911,0.03290990095814782,0.98989898989899,8.0,1.3273711006665123,1.4022680406734191
2025-04-22,0.01652561150744129,0.03259835649081605,0.6060606060606061,40.0,1.3493067198023319,1.4479796741589694
2025-04-23,0.009052514294747337,0.04248214570231025,0.40404040404040403,48.0,1.3615213381713411,1.5094929576505747
2025-04-24,0.0017891307243449125,0.010463702985528676,0.5252525252525253,36.0,1.3639572778293148,1.5252878436181774
2025-04-25,0.0009254099760534761,0.002386589109277623,0.6262626262626263,32.0,1.3652194975011287,1.52892807897427
2025-04-28,0.003580305906837838,0.0007298404565481669,0.7373737373737373,31.0,1.370107400932162,1.530043952541458
2025-04-29,-0.00026568828523472937,-0.00026159744534208257,0.9191919191919192,28.0,1.369743379446221,1.529643696952212
2025-04-30,0.00603561982674084,0.006877089453766711,0.9393939393939394,12.0,1.3780106297447536,1.5401631934885427
2025-05-01,0.020208099587966023,0.02563281611124829,0.8282828282828283,21.0,1.4058576057839114,1.5796419134085473
2025-05-02,-0.004391159637852824,-0.007435407161882651,0.6262626262626263,28.0,1.3996842606088247,1.5678966326123793
2025-05-05,-0.008683792210421426,-0.008019031204245347,0.898989898989899,37.0,1.3875296933295003,1.5553236205904295
2025-05-06,0.004712144098532469,0.006215536564743818,0.8787878787878788,12.0,1.3940679331854615,1.5649907914242192
2025-05-07,0.011496084741087903,0.014825370376048936,0.8282828282828283,23.0,1.4100942562801948,1.5881923595421894
2025-05-08,-0.0051646351496241125,-0.003954447114650155,0.8383838383838383,21.0,1.402811633919927,1.5819119368484882
2025-05-09,0.04558879805139062,0.05411240730212349,0.9292929292929293,15.0,1.466764130202844,1.6675129998913247
2025-05-12,0.011343189500060935,0.02261257932409285,0.797979797979798,21.0,1.4834019136836267,1.7052197698753233
2025-05-13,-0.0009543750871450555,0.003129961576584656,0.6363636363636364,26.0,1.4819861918529837,1.7105570422346656
2025-05-14,0.0012735125871271926,-0.0023994867567488174,0.6262626262626263,25.0,1.4838735199222572,1.70645258326516
2025-05-15,0.0051060329038412205,0.012909544692524212,0.8080808080808081,38.0,1.491450226940119,1.728482109154495
2025-05-16,-0.0012307348888121903,0.0008906215760620993,0.8080808080808081,16.0,1.489614647110897,1.7300215326147452
2025-05-19,-0.003047180522083777,-0.0011543505127560652,0.9090909090909091,16.0,1.48507552237281,1.7280244813714924
2025-05-20,-0.01967024886637327,-0.018427587808570015,0.9595959595959596,7.0,1.4558637172623776,1.6961811585056605
2025-05-21,0.007037142213022813,0.006990447215414825,0.9595959595959596,4.0,1.4661088372835331,1.7080382233619753
2025-05-22,-0.006365491896279172,-0.0068896920902436366,0.9191919191919192,8.0,1.4567763333607415,1.6962703659246445
2025-05-23,0.026815936163304816,0.029492962370425528,0.9696969696969697,7.0,1.4958411545203565,1.7462984039969278
2025-05-27,-0.004213487659835352,-0.006039294014400053,0.8181818181818182,15.0,1.4895384462747112,1.7357519944983129
2025-05-28,-0.006736283534789182,-0.007191378536829417,0.9797979797979798,20.0,1.4795044929646355,1.723269544859819
2025-05-29,-0.004737562554872883,-0.0035228050817793944,0.9696969696969697,5.0,1.472495247879,1.7171988021499112
2025-05-30,0.00743782891094967,0.010726789552672818,0.9090909090909091,6.0,1.4834474156049104,1.7356188323206752
2025-06-02,0.01158167088607435,0.020153643712723806,0.8181818181818182,15.0,1.500628215349244,1.7705978758883598
2025-06-03,0.003006659466332161,0.005849902997974725,0.8484848484848485,25.0,1.5051400933783687,1.780955701710727
2025-06-04,-0.004613844674492839,-0.00449048305799594,0.9292929292929293,16.0,1.4981956107741692,1.7729583503051536
2025-06-05,0.014994555378199464,0.01751859510036205,0.9191919191919192,11.0,1.5206603878272977,1.8040180897739553
2025-06-06,0.003915030503173464,0.009163373604025521,0.797979797979798,18.0,1.5266138196306092,1.8205489815189746
2025-06-09,-0.0016619656791907421,0.0001836815217335341,0.8484848484848485,17.0,1.5240766398570047,1.8208833827262905
2025-06-10,-0.0020207569854122395,-0.001493437816765762,0.8888888888888888,16.0,1.52099685134071,1.8181640066226066
2025-06-11,0.0026832900726809134,0.003854184796510182,0.8585858585858586,9.0,1.5250781270924916,1.8251715466944933
2025-06-12,-0.014848749887360624,-0.017199488963665813,0.9191919191919192,14.0,1.5024326234246108,1.7937795288203244
2025-06-13,0.023033343570993105,0.024254165916571327,0.96,7.0,1.5370386702322183,1.8372861551300819
2025-06-16,-0.005524642478867245,-0.008070550849839611,0.8,18.0,1.5285470811029918,1.8224582437893981
2025-06-17,0.011226086075787931,0.011423047594989582,0.98,18.0,1.5457066822063485,1.8432762710480857
2025-06-18,-0.0006388389261095495,0.004733711817242518,0.91,11.0,1.5447192246094075,1.8520018097147888
2025-06-20,0.009586747591903139,0.010498180124900886,0.92,7.0,1.5595280579160982,1.871444458304817
2025-06-23,0.0203167074390858,0.02172131325936713,0.89,13.0,1.5912125332118252,1.9120946896311628
2025-06-24,1.3848077887708143e-05,-0.00011635748206494712,0.76,21.0,1.5912345684469211,1.9118722031076076
2025-06-25,0.0118321897711169,0.01716808564319698,0.91,19.0,1.6100623578311464,1.944695388829407
2025-06-26,0.002041765455241088,-0.003660808156611125,0.81,12.0,1.6133497275341502,1.9375762320878562
2025-06-27,0.00939749169760295,0.010727576201635917,0.92,15.0,1.6285111682039823,1.9583617287640573
2025-06-30,-0.006037910121276568,-0.0106866247960546,0.86,10.0,1.6186783641388716,1.937433451753803
2025-07-01,0.011012251808855953,0.010960591347959911,0.96,14.0,1.636503657882316,1.958668868082344
2025-07-02,0.011836863712875241,0.015042276703735596,0.82,20.0,1.6558747286462907,1.9881317071670315
2025-07-03,-0.00663739501651384,-0.005694856622538376,0.84,26.0,1.6448840339744026,1.976809582147993
2025-07-07,0.0006568528004079011,0.0019113979169282458,0.96,14.0,1.6459644806584648,1.9805880518654746
2025-07-08,0.004467728303439111,0.007426324828770589,0.89,9.0,1.653318202755158,1.9952965420906092
2025-07-09,-0.0014826959962193108,-0.0018152732724344867,0.95,10.0,1.6508668344754565,1.9916745336071713
2025-07-10,-0.009238820587124141,-0.009304885976932398,0.94,7.0,1.6356147719785041,1.9731422291687966
2025-07-11,0.008522362672056014,0.010521528976189536,0.94,6.0,1.6495540742570773,1.9939027023071392
2025-07-14,-0.0023344389311021085,-0.0023076836545328303,0.87,11.0,1.6457032910071736,1.9893014056322962
2025-07-15,0.004572315099995949,0.006091833469373499,0.92,15.0,1.6532279650147585,2.001419898515799
2025-07-16,0.005249645371491093,0.007826750483351484,0.9,12.0,1.6619068255493181,2.0170845126738968
2025-07-17,0.0007286282622561835,0.001226907719466127,0.87,11.0,1.66311773783165,2.019559289233312
2025-07-18,-0.0007109656912071571,-0.002790251170498008,0.94,13.0,1.6619353181796135,2.013924211562639
2025-07-21,-0.005527107269860768,-0.006128306098957525,0.92,8.0,1.6527496234004646,2.001582267534081
2025-07-22,0.009174012567080078,0.012142618523937321,0.92,8.0,1.6679119692157773,2.025886717453025
2025-07-23,-0.0008082419402892327,-0.0019579446784470577,0.83,15.0,1.6665638928095468,2.0219201433354512
2025-07-24,0.003928106306306161,0.004252140674855281,0.97,16.0,1.673110332946754,2.030517632218237
2025-07-25,0.0011678720930303089,0.004018080515797836,0.91,12.0,1.6750643118131634,2.0386764155532373
2025-07-28,-0.005047492645546937,-0.006141886138926212,0.93,4.0,1.6666094370184683,2.026155097134795
2025-07-29,0.0034371740332928857,0.003507174033292886,1.0,7.0,1.672337863699029,2.03326117567889
2025-07-30,-0.007887643874260252,-0.007809399199408704,0.94,6.0,1.65914705819273,2.0173826274813544
2025-07-31,-0.021942369598985986,-0.025513654650474473,0.93,11.0,1.6227414402227947,1.9659118238259283
2025-08-01,0.015922467434390297,0.016360267946289715,0.96,9.0,1.6485794879591777,1.9980746680224997
2025-08-04,-0.002798005188947535,-0.006697152541668499,0.65,37.0,1.6439667539974754,1.9846932571811093
2025-08-05,0.006829702138837896,0.007082123806392647,0.96,37.0,1.6551945572534303,1.9987491005461788
2025-08-06,-0.0023185682861257763,-0.0022560565409776366,0.92,10.0,1.6513568756456145,1.9942398095641185
2025-08-07,0.005209519236004842,0.00768525676206627,0.83,23.0,1.6599596510547991,2.0095660545457528
2025-08-08,-0.004279505331491047,-0.002331570580910588,0.85,18.0,1.6528558448780502,2.0048806094525773
2025-08-11,0.019293932072567996,0.021317114243491003,0.91,16.0,1.6847459332748742,2.0476188784488376
2025-08-12,0.001312617222027902,-0.0012045257569710554,0.82,19.0,1.6869573598016323,2.045152468769286
2025-08-13,-0.006405243286183284,-0.008192543115404186,0.87,23.0,1.6761519874986854,2.0283974689913182
2025-08-14,-0.0020458083615822655,-0.0013183046511684548,0.94,11.0,1.672722901747378,2.025723423173529
2025-08-15,0.0034227088513491756,0.005072094070840559,0.85,13.0,1.6784481452290432,2.0359980829373705
2025-08-18,-0.01525323821619991,-0.017651571329678574,0.91,16.0,1.6528463758363257,2.0000595175493125
2025-08-19,0.0003902796879026982,0.0009963946103082532,0.96,9.0,1.6534914482040382,2.002052366072894
2025-08-20,-0.004298941078696946,-0.003616625568262163,0.93,7.0,1.6463831858940796,1.9948116922967551
2025-08-21,0.023253975055066132,0.02533606665821635,0.97,6.0,1.684668139429941,2.045352374303375
2025-08-22,-0.004148607182160122,-0.002859963561157809,0.84,15.0,1.6776791130871456,2.0395027410431394
2025-08-25,0.006302088919452283,0.006749478697583483,0.94,12.0,1.6882519960361286,2.053268321347473
2025-08-26,0.003990067482270556,0.003351677971411907,0.87,11.0,1.6949882354273909,2.0601502155495317
2025-08-27,0.010177912158474727,0.015530735685234864,0.86,21.0,1.7122396767972188,2.092145864019111
2025-08-28,-0.01324649012950109,-0.01184576836292203,0.91,11.0,1.6895585108191844,2.067362788732495
2025-08-29,-0.006174047499416028,-0.007035429922887551,0.99,8.0,1.679127096320344,2.0528180027071823
2025-09-02,-0.0013496180243250688,-0.0028093331852218927,0.9,9.0,1.6768609161260173,2.0470509529689562
2025-09-03,0.009311127290578793,0.010822642217856959,0.92,8.0,1.6924743815646632,2.0692054530346624
2025-09-04,0.004084597474172617,0.006499120625930155,0.91,9.0,1.699387458148704,2.082653468873767
2025-09-05,0.006099454902019016,0.00694595696907767,0.86,13.0,1.7097527953107388,2.0971194902500647
2025-09-08,0.013670002258884031,0.015857011142331207,0.91,15.0,1.73312511988477,2.1303735373737602
2025-09-09,0.01022481593172234,0.016167618192289523,0.87,14.0,1.750846005222236,2.1648166033329765
2025-09-10,0.009735604659646733,0.01192508900735131,0.87,12.0,1.7678915497490013,2.190632234012314
2025-09-11,-0.003087178809094201,-1.1861229317551292e-05,0.86,17.0,1.7624337524198397,2.1906062504210357
2025-09-12,0.008140638632433807,0.014868151571545947,0.84,14.0,1.776781088711894,2.2231765161858714
2025-09-15,-0.00043499662056641574,0.0006088551029734457,0.83,11.0,1.776008194942818,2.224530108552562
2025-09-16,0.0020989079090391392,0.0045030647266053195,0.91,18.0,1.779735872589702,2.2345473116176566
2025-09-17,0.016489365518109627,0.016882907397034585,0.9,9.0,1.809082587918525,2.2722729669539903
2025-09-18,0.005459561751380018,0.008932121260369555,0.85,17.0,1.8189593860206126,2.292569184631483
2025-09-19,0.008419663432866141,0.01263015353730777,0.89,16.0,1.834274411848959,2.3215246854282787
2025-09-22,-0.0032170034441898997,-0.005733789887871013,0.74,25.0,1.8283735447484515,2.308213550662527
2025-09-23,-0.003965051045020394,-0.004621198498880917,0.94,22.0,1.821123950314159,2.2975468376671087
2025-09-24,-0.009055570575227202,-0.010765073542203116,0.87,13.0,1.8046326338558525,2.272813576992966
2025-09-25,0.0024131891210775846,0.0036883798033859384,0.92,13.0,1.8089875536954152,2.281196576687208
2025-09-26,0.007014077661518439,0.011693431039445708,0.85,11.0,1.821675932885755,2.3078715915441195
2025-09-29,0.0012997655508049078,0.004508086143473374,0.85,14.0,1.8240436845080503,2.3182756754868756
2025-09-30,0.014369714514875884,0.015843706774118872,0.96,15.0,1.850254671517093,2.355005755510862
2025-10-01,0.004977902536893586,0.011080650423645859,0.82,20.0,1.8594650589403374,2.381100751033352
2025-10-02,0.001983576615712015,0.0014205272556084426,0.86,18.0,1.8631534503489848,2.3844831695485444
2025-10-03,0.009061203737242994,0.013123799073813402,0.8,20.0,1.8800358633563443,2.4157766475605893
2025-10-06,-0.007124621219257502,-0.009212838433113473,0.81,23.0,1.8666413199513106,2.393520487616125
2025-10-07,0.015319097272705053,0.019068012324446073,0.93,20.0,1.8952365799048954,2.4391601657728033
2025-10-08,-0.0031882902593436645,-0.0004083880082075575,0.79,16.0,1.889194015578033,2.438164042011004
2025-10-09,-0.03807241369286316,-0.04159361652876157,0.93,16.0,1.8172678394708646,2.336751981813383
2025-10-10,0.028110164888125618,0.03191823624860998,0.92,13.0,1.8683515380842786,2.41133698362331
2025-10-13,0.0009810251724278898,-0.0062636361067214714,0.49,47.0,1.8701844379740835,2.3962332462272142
2025-10-14,0.011749078630508163,0.012372157332516051,0.93,52.0,1.8921573819893935,2.425879820954943
2025-10-15,-0.0070639403268838675,-0.007046556437723069,0.81,22.0,1.8787912951539476,2.40878572188545
2025-10-16,-0.0016373919355630805,-0.003185656206710983,0.9,23.0,1.8757149774386563,2.4011121586998887
2025-10-17,0.010474591016761911,0.011610999191807475,0.98,12.0,1.895362324691341,2.428991470033992
2025-10-20,-0.0012216073007965877,-0.0012562438980835465,0.77,21.0,1.8930469362378433,2.425940064321265
2025-10-21,-0.017810173634422187,-0.018605325494935723,0.97,22.0,1.8593314416053364,2.3808046597933625
2025-10-22,0.017358549752317824,0.019251758279978284,0.98,5.0,1.8916067389404916,2.4266393356155502
2025-10-23,0.0056350094640433826,0.019492021740431444,0.63,35.0,1.9022659608166694,2.473939442301555
2025-10-24,0.012265792577470448,0.01808575146615112,0.81,28.0,1.9255987605192293,2.5186824961973295
2025-10-27,-0.00499232544939604,-0.006034798453359416,0.8,19.0,1.9159855448217638,2.5034827549647747
2025-10-28,0.0065138257621206105,0.011615821676804826,0.88,16.0,1.9284659408234746,2.5325627642174013
2025-10-29,-0.007732845468629425,-0.011460708168718274,0.84,16.0,1.9135534117115716,2.5035378014577434
2025-10-30,0.010845977322010496,0.011724729090222721,0.98,16.0,1.934307768619451,2.5328911039469673
2025-10-31,-0.0020350036541977702,-0.0014572631709433915,0.81,19.0,1.9303714452419674,2.529200015025175
2025-11-03,-0.02667782494253485,-0.030923314791018067,0.89,16.0,1.878873333751734,2.450988766791104
2025-11-04,0.016487951713601515,0.017019144865158674,0.98,9.0,1.9098521065546064,2.4927024996759983
2025-11-05,-0.008859138024826395,-0.01826562905515413,0.67,33.0,1.8929324631356337,2.447171720472061
2025-11-06,0.003166343370342102,0.00414203760124631,0.94,29.0,1.8989261372907886,2.457307997754963
2025-11-07,0.014074084404959539,0.016501990755231635,0.85,15.0,1.9256517840258032,2.4978584716166723
2025-11-10,-0.0030943150341545024,-0.010429274680904401,0.71,28.0,1.9196932107599458,2.471807619502158
2025-11-11,-0.0037177898189651648,-0.002613626060211474,0.96,27.0,1.912556194885446,2.465347238691998
2025-11-12,-0.02992623045871731,-0.03662008961856689,0.89,11.0,1.8553205974320566,2.3750660018702106
2025-11-13,-0.0004234246477244885,-0.00046689152482975896,0.96,13.0,1.854535008961673,2.373957103683026
2025-11-14,-0.014977764366473433,-0.015432567415009287,0.89,11.0,1.8267582205880692,2.3373208506400975
2025-11-17,-0.008369296243407744,-0.008923533878365236,0.94,11.0,1.8114695398748872,2.3164636888448014
2025-11-18,0.00500954008064303,0.0036915148811720133,0.95,7.0,1.8205441691397546,2.3250149490238665
2025-11-19,-0.02796937883334752,-0.040579914803354926,0.85,18.0,1.7696246795902428,2.2306660404759517
2025-11-20,0.009064736007343772,0.009214736007343773,1.0,15.0,1.7856658601428086,2.2512210391594847
2025-11-21,0.023299239598331335,0.03327438467373308,0.85,15.0,1.8272705168608363,2.3261290340020784
2025-11-24,0.006642088231974244,0.0067564598859733305,0.52,37.0,1.8394074088575112,2.341845431509911
2025-11-25,0.01458530853312956,0.01651970620085238,0.88,48.0,1.8662357334338224,2.3805320300062633
2025-11-26,0.0057999216001739995,0.014643134283481025,0.68,38.0,1.877059754375182,2.4153904801877726
2025-11-28,-0.006832261218914558,-0.010069683642598628,0.84,22.0,1.864235191809779,2.3910682621789374
2025-12-01,0.00952769047849087,0.010756382365042732,0.9,16.0,1.8819970476964527,2.4167875066678524
2025-12-02,0.00828743340043217,0.014722339011133161,0.78,20.0,1.897593972889047,2.4523682716588877
2025-12-03,0.0034648263717332773,0.011153759639365048,0.78,22.0,1.9041688065291549,2.4797213979081763
2025-12-04,0.0022128738122861747,0.003595830623374434,0.79,21.0,1.9083824918152954,2.4886380560482118
2025-12-05,0.0029932203186595198,0.003365733544942299,0.84,19.0,1.9140947010655711,2.4970141486346735
2025-12-08,-0.0010521591760550785,0.0026679527355651543,0.83,17.0,1.9120807687620067,2.503676064363268
2025-12-09,0.01018416195102942,0.011392055555920613,0.9,15.0,1.9315537089745278,2.532198081182523
2025-12-10,0.00286265446258506,0.0050101785413105915,0.87,13.0,1.9370830798192467,2.5448848456712114
2025-12-11,-0.019004270476716587,-0.02840241022954364,0.86,17.0,1.9002702290344904,2.472603982297509
2025-12-12,-0.010792294515729085,-0.014160695529732904,0.92,10.0,1.8797619530632783,2.437590190138589
2025-12-15,0.0004283089274850005,-0.0007291449765383206,0.84,12.0,1.880567071889322,2.4358128334965903
2025-12-16,-0.015985505143527905,-0.023633005973178745,0.85,17.0,1.8505052572888858,2.37824725425302
2025-12-17,0.017675829143881615,0.017825829143881616,1.0,15.0,1.8832144720465789,2.4206414834692396
2025-12-18,0.01353350805911206,0.028311406175443112,0.76,24.0,1.9087009702810578,2.489173247712864
2025-12-19,0.008080542947460894,0.01629347804982885,0.7,22.0,1.924124310445274,2.529730537386695
2025-12-22,-0.0017145582610577637,-0.0028957425710827477,0.84,24.0,1.9208252872134979,2.522405088976216
2025-12-23,0.0011157854706173576,0.001674543149359079,0.83,7.0,1.9229685161605652,2.5266289651378697
2025-12-24,-0.005376209308233738,-0.005686855221730708,0.95,12.0,1.9126302349245423,2.5122603920140993
2025-12-26,-0.007010391048179324,-0.007017103452334719,0.99,6.0,1.89922194904715,2.494631600944133
2025-12-29,-0.002079923142450355,-0.0023767558276143698,0.96,5.0,1.8952717133626773,2.4887024707488385
2025-12-30,-0.01050496670178095,-0.010703413542541316,0.97,5.0,1.8753619471229752,2.4620648590200696
2025-12-31,0.022303028438413284,0.022573792865230535,0.99,2.0,1.9171881979619771,2.5176430011683517
2026-01-02,0.01073342296986231,0.013962333670411753,0.9,9.0,1.9377661898035312,2.5527951728136413
2026-01-05,0.02212869367206833,0.026421707087572487,0.83,19.0,1.9806464242257846,2.6202443791242924
2026-01-06,-0.004436088888076053,-0.007073950745883521,0.76,21.0,1.971860100632069,2.601708899444189
2026-01-07,-0.013311223730608168,-0.011563090872910733,0.89,23.0,1.9456122296670961,2.571625103015055
2026-01-08,0.006893574362899276,0.012302524883025072,0.84,19.0,1.9590244522536726,2.60326258483471
2026-01-09,0.0029647926350967,0.007431752396877542,0.78,18.0,1.9648325535216886,2.6226093877892565
2026-01-12,-0.0004945888251498098,0.0009100877774229621,0.8,18.0,1.9638607692974261,2.624996192538038
2026-01-13,-0.005250587006141016,-0.006060578382834577,0.85,17.0,1.953549347460283,2.6090871973585186
2026-01-14,0.0013871147634189785,0.004512862907241627,0.93,14.0,1.9562591446012128,2.620861650193237
2026-01-15,0.0022378985499817428,0.0052919770111954974,0.89,12.0,1.9606370541043043,2.6347311897955836
2026-01-16,-0.012382871242378633,-0.017306043271687895,0.83,20.0,1.9363587379102942,2.5891344178157154
2026-01-20,0.009589241958526713,0.012657032506024063,0.87,22.0,1.9549269503666233,2.6219051763044745
2026-01-21,0.0045886416614551555,0.005600066807510239,0.75,26.0,1.963897409616177,2.6365880204547363
2026-01-22,-0.0042766089131100835,-0.006091410297846499,0.81,32.0,1.9554985884497786,2.6205274810357593
2026-01-23,0.0037060670635673,0.002775521133927059,0.9,21.0,1.9627457973612847,2.6278008104414106
2026-01-26,0.013847721328470775,0.01525572546920098,0.89,13.0,1.9899253542017707,2.6678898181932484
2026-01-27,0.004282476528091719,0.010525899879193217,0.82,25.0,1.9984471628237945,2.6959717593082697
2026-01-28,-0.006817707669829084,-0.011023374423901285,0.83,21.0,1.9848223342740627,2.6662530531691506
2026-01-29,-0.014605297908887184,-0.0198528166682066,0.87,18.0,1.955833412785777,2.6133204201135376
2026-01-30,0.003954698211031771,0.009263194404866398,0.84,21.0,1.963568143684397,2.6375281152072567
2026-02-02,-0.00814725391188527,-0.008942458827102175,0.69,29.0,1.947570455444511,2.6139421286316913
2026-02-03,-0.020348034725024305,-0.02967390882954353,0.9,31.0,1.9079412241876947,2.5363762482209715
2026-02-04,-0.024258926274116282,-0.024978240033169067,0.91,11.0,1.8616566186947783,2.4730220334784794
2026-02-05,0.037518425121883865,0.04762086429239289,0.86,15.0,1.931503043145938,2.5907894801268556
2026-02-06,0.000468705659532849,0.018079299672080912,0.45,43.0,1.9324083495536655,2.6376291395253437
2026-02-09,-0.002473046186209439,-0.006684483028043526,0.65,30.0,1.9276294144546025,2.6199979523079135
2026-02-10,-0.0005773242824277325,0.0013662882865775217,0.78,27.0,1.9265165471861159,2.6235776248210088
2026-02-11,-0.017949859383268853,-0.022158297439469458,0.77,27.0,1.8919358460645843,2.565443611454688
2026-02-12,0.015674814350521312,0.01563550133396971,0.96,21.0,1.921591589214743,2.6055556084638116
2026-02-13,-3.669815607914989e-06,-0.002960228665065682,0.66,36.0,1.9215845373279368,2.5978425680632142
2026-02-17,0.0065522285742604805,0.009713845191895354,0.88,34.0,1.934175198441274,2.6230776086022964
2026-02-18,-0.0003452025232919864,0.0014435616178617727,0.87,17.0,1.9335075162822835,2.6268641827587476
2026-02-19,0.0007468884228184902,-5.6221318356662886e-05,0.89,18.0,1.9349516306616275,2.6267164969912487
2026-02-20,-0.0189089379678486,-0.02018939197533991,0.93,10.0,1.898363750306659,2.5736846880254007
2026-02-23,0.011768859454611097,0.015722402656985535,0.85,16.0,1.9207053264777465,2.6141491950026543
2026-02-24,0.014101736751089531,0.0257670469264969,0.73,22.0,1.9477906073681512,2.681508099983152
2026-02-25,0.001021099817502751,0.0010960890045325312,0.58,29.0,1.9497794960018682,2.684447271527109
2026-02-26,0.0019770492990118273,-0.005201849345224925,0.83,43.0,1.9536343061876664,2.670483181245425
2026-02-27,-0.00015894966216405403,0.010961995320857794,0.83,26.0,1.9533237766747058,2.6997570053826663
2026-03-02,-0.014174213241039783,-0.01982084713141202,0.75,18.0,1.9256369489353256,2.6462455344870177
2026-03-03,0.020896842979610652,0.023506562585433308,0.88,25.0,1.9658766818929634,2.7084496707598604
2026-03-04,-0.003833077296054993,-0.008656885678353458,0.67,35.0,1.9583413246167556,2.6850029315945183
2026-03-05,-0.02257180380791402,-0.023138802508999336,0.85,34.0,1.9141380284485758,2.6228751790242684
2026-03-06,0.02150984304841127,0.023873006350224237,0.93,16.0,1.9553108370135002,2.68549109482896
2026-03-09,-0.0046547645567942345,0.0008247575474825086,0.59,38.0,1.946209325431854,2.687705973878117
2026-03-10,0.005291907412230883,0.006523356249574654,0.91,32.0,1.9565084849868597,2.705238837439834
2026-03-11,-0.016024386364022723,-0.02199633551054002,0.81,14.0,1.9251566370989415,2.6457334963353643
2026-03-12,0.0004420316245928957,0.00027961599093002997,0.97,16.0,1.9260076172148344,2.646473285728679
2026-03-13,0.013107661157432116,0.016927461271383767,0.91,10.0,1.9512530724479196,2.6912713597786024
2026-03-16,0.0033834127619818246,0.005799867375124866,0.74,23.0,1.9578549669950962,2.7068803767357905
2026-03-17,-0.0077877287532442,-0.009132567877829331,0.88,22.0,1.9426077235739465,2.6821596079580865
2026-03-18,0.0032897020927747213,0.006521092066965244,0.9,20.0,1.948998324267628,2.6996502176998765
2026-03-19,-0.017274265134531435,-0.026964398648417,0.83,17.0,1.9153308104674716,2.6268557730185313
2026-03-20,0.014516239294723097,0.017280872831516605,0.95,16.0,1.9431342108407734,2.6722501335787996
2026-03-23,-0.006334987346075166,-0.0017342754360236369,0.71,26.0,1.9308244802033714,2.667615715813223
2026-03-24,0.007189417628703763,0.009269309359306643,0.81,24.0,1.9447059837592782,2.6923426711348437
2026-03-25,-0.02594893923537496,-0.034213559685413376,0.89,18.0,1.8942429263560385,2.600228044462386
2026-03-26,-0.023774597269711602,-0.024519357792675202,0.89,14.0,1.8492080636509236,2.5364721226976648
2026-03-27,-0.019442325980750744,-0.023241973091867218,0.94,13.0,1.8132551576711893,2.477519505873654
2026-03-30,0.044445334842390175,0.0476362474883296,0.92,12.0,1.8938458903085762,2.5955392382126155
2026-03-31,0.0011926302653512703,0.010290637092507304,0.44,54.0,1.8961045482352694,2.6222489905724244
2026-04-01,0.008083202493166842,0.009587996535650938,0.75,43.0,1.9114311452468695,2.647391104809647
2026-04-02,0.0065648327832807775,0.004141376764434561,0.84,27.0,1.9239793710921702,2.6583549488174762
2026-04-06,0.003239852512953332,0.006058305856738465,0.85,23.0,1.9302127804924736,2.674460076173187
2026-04-07,0.02715452917367421,0.03530046440708776,0.91,12.0,1.982626799751755,2.768869758900316
2026-04-08,-0.007261420176473576,-0.0014231211721668314,0.7,23.0,1.9682301135056204,2.7649293217234523
2026-04-09,-0.00648982137866367,-0.0008965063844829757,0.78,22.0,1.9554566516368619,2.7624505449338828
2026-04-10,0.01748454393083593,0.027991725191677058,0.68,16.0,1.9896469193672521,2.8397763014432704
2026-04-13,0.008328727163102645,0.016612037097600996,0.6,40.0,2.00621814570957,2.8869507707117346
2026-04-14,0.009940775481498118,0.013348586262528718,0.8,36.0,2.0261615098629764,2.925487482110254
2026-04-15,0.009848828517488943,0.015505191581208506,0.73,23.0,2.0461168271223533,2.9708477259888006
2026-04-16,0.00975405352017322,0.012986462363023497,0.74,21.0,2.066074760162632,3.0094285281686286
2026-04-17,0.0024395879599096192,0.006270811520564317,0.8,32.0,2.071115131271798,3.0283000872533834
2026-04-20,-0.005540516008966172,-0.007482324354773068,0.73,25.0,2.0596400847305745,3.005641363756966
2026-04-21,0.01415128456443561,0.019961401402255153,0.88,27.0,2.088786637669915,3.0656381774901402
2026-04-22,-0.0027032552580404778,-0.013709766564622385,0.68,28.0,2.083140114208709,3.023608993705156
2026-04-23,0.009969195019393085,0.010203861908993535,0.9,30.0,2.103907344259976,3.0544614823437137
2026-04-24,-0.004218725641752551,-0.005573321984967303,0.8,28.0,2.095031536398875,3.0374379850119317
2026-04-27,-0.013304786164442315,-0.018123950571162343,0.84,28.0,2.0671575897993253,2.9823876091086046
2026-04-28,0.006537333672077845,0.008387782023786186,0.97,17.0,2.0806712887166117,3.0074032262842483
2026-04-29,0.011931200150374917,0.01876633490552428,0.83,16.0,2.105496194309428,3.0638411624246524
2026-04-30,0.013805298522228858,0.0174128352087038,0.75,26.0,2.1345631978092863,3.1171913236915962
2026-05-01,0.001527379215138891,0.008957355041186799,0.75,36.0,2.1378234852710207,3.145113113109209
2026-05-04,0.005379451331630142,0.012885995774436509,0.75,24.0,2.149323802665652,3.185641027394859
2026-05-05,0.014812557469251338,0.02361071779027207,0.76,23.0,2.1811607850126666,3.2608562986737915
2026-05-06,-0.0028818099403471976,-0.009625529716143125,0.74,24.0,2.174875094180922,3.2294688294708345
2026-05-07,0.01865446212059914,0.02365459574758173,0.84,28.0,2.215446219242354,3.305860609111383
